text,label,notes
"Phoebe Bridgers is the most overrated artist of the last decade. People only like her because she seems sad.",hot_take,classic hot take
"Tame Impala is just dad rock for millennials who think they have good taste.",hot_take,bold claim no evidence
"Radiohead peaked with OK Computer and everything after is self-indulgent noise.",hot_take,strong opinion no support
"Sufjan Stevens hasn't made a genuinely good album since Illinois.",hot_take,assertive no argument
"Indie music died when it got popular. Everything on r/indieheads now is just mainstream with a filter.",hot_take,vague assertion
"Arctic Monkeys should have stopped after Humbug. Everything since is embarrassing.",hot_take,opinion only
"Lana Del Rey is not a musician she is an aesthetic and people confuse the two.",hot_take,provocative no evidence
"The 1975 are the most pretentious band alive and their fans are even worse.",hot_take,attack no support
"Frank Ocean is overrated because he barely releases music and people treat scarcity as quality.",hot_take,interesting but unsupported
"Fleet Foxes are boring and I will die on this hill.",hot_take,blunt assertion
"Bon Iver sold out after For Emma and Justin Vernon knows it.",hot_take,no evidence
"Car Seat Headrest is unlistenable and Will Toledo needs an editor desperately.",hot_take,harsh no support
"Vampire Weekend peaked on Contra. Everything after is too polished and loses the energy.",hot_take,opinion stated as fact
"Mac DeMarco is coasting on charm and people mistake laziness for lo-fi aesthetic.",hot_take,provocative
"Mitski is incredible but her fanbase actively makes her music worse to engage with.",hot_take,opinion about fandom
"Soccer Mommy is the best songwriter of her generation and it's not even close.",hot_take,bold no argument
"Snail Mail writes better breakup songs than Taylor Swift has ever written.",hot_take,comparison no evidence
"The war on drugs are the most competent boring band in existence.",hot_take,contradiction no support
"Animal Collective ruined indie music for a generation by making weirdness seem mandatory.",hot_take,causation claim no evidence
"Guided by Voices has more good songs than the Beatles and I'm tired of pretending otherwise.",hot_take,provocative comparison
"Pavement is the most important band of the 90s and nothing comes close.",hot_take,strong claim no support
"Alex G is the best active songwriter and the fact that he isn't famous is a crime.",hot_take,bold assertion
"Slowdive's Souvlaki is better than My Bloody Valentine's Loveless and it's not debatable.",hot_take,genre comparison no evidence
"Waxahatchee got better when she got sober and I think that's not a coincidence.",hot_take,causal claim no support
"Grouper is the most emotionally devastating musician working today.",hot_take,superlative no evidence
"LCD Soundsystem is the most overrated live band in indie history.",hot_take,strong claim
"Sharon Van Etten peaked on Tramp and the newer polished sound is a mistake.",hot_take,opinion
"Hand Habits is criminally underrated and better than most artists with ten times the following.",hot_take,unsupported comparison
"Julien Baker makes music that is objectively too sad to be enjoyable.",hot_take,subjective stated as objective
"Neutral Milk Hotel is the most overhyped album experience in indie canon.",hot_take,against consensus
"Big Thief is one of the best bands working right now and Adrianne Lenker is a generational talent.",hot_take,praise without argument
"Japanese Breakfast is more talented than she gets credit for even with all the critical acclaim.",hot_take,vague
"Faye Webster makes the same song over and over and people treat it as a personality.",hot_take,repetition claim no evidence
"Arca is the only artist genuinely pushing music forward right now.",hot_take,bold superlative
"Destroyer is the most underrated band in indie and Dan Bejar deserves a MacArthur grant.",hot_take,strong opinion
"Julia Jacklin is a better lyricist than Phoebe Bridgers and it's not particularly close.",hot_take,comparison no support
"Alvvays makes perfect albums and anyone who disagrees hasn't listened carefully.",hot_take,absolute claim
"Gillian Welch is the greatest living folk musician and mainstream music ignores her criminally.",hot_take,superlative
"Weyes Blood is making the most important music of this decade.",hot_take,bold no evidence
"Perfume Genius gets more interesting with every album and Michael Hadreas is fearless.",hot_take,praise no analysis
"Angel Olsen's voice is the best instrument in indie music right now.",hot_take,superlative opinion
"Florist makes music that sounds like grief and nothing else comes close to that feeling.",hot_take,emotional assertion
"Squirrel Flower is the most underrated folk artist working today by a significant margin.",hot_take,unsupported claim
"Helena Deland writes the most quietly devastating songs in contemporary folk.",hot_take,superlative no support
"Courtney Barnett is the most honest lyricist of her generation.",hot_take,strong opinion
"Yo La Tengo is the most consistent band in indie history across four decades.",hot_take,claim without evidence
"Low's last three albums are the best run of late career albums in indie history.",hot_take,bold comparison
"Richard Dawson is the best songwriter you've never heard of.",hot_take,assertion
"Sun Kil Moon's Benji is the saddest album ever recorded and nothing comes close.",hot_take,absolute superlative
"Bill Callahan's voice is the most comforting sound in all of folk music.",hot_take,subjective superlative
"just heard For Emma Forever Ago for the first time and i am genuinely not okay. that album destroyed me.",reaction,clear emotional reaction
"listened to Fetch the Bolt Cutters all the way through for the first time today and i need to lie down for a week.",reaction,immediate emotional response
"ok i finally listened to In the Aeroplane Over the Sea and i understand now. i get it. i'm crying.",reaction,first listen reaction
"just got home from the Mitski show and i literally cannot speak. that was the most intense concert experience of my life.",reaction,post-concert reaction
"the new Boygenius track just dropped and i am sobbing in my car in a parking lot.",reaction,new release reaction
"i put on Carrie and Lowell for the first time and made it four songs before i had to stop. sufjan is not human.",reaction,emotional overwhelm
"just saw Phoebe Bridgers live for the first time. she played Moon Song and i lost it completely.",reaction,concert reaction
"the new Julia Jacklin single is everything i needed today and i didn't even know i needed it.",reaction,new release reaction
"i've been listening to Big Thief's Dragon New Warm Mountain on repeat for six hours and i'm not stopping.",reaction,obsessive listening
"first listen to Punisher and i have been sitting in silence for ten minutes. that album is something else.",reaction,post-listen silence
"the Alvvays set at the festival was transcendent. i was crying by the third song and didn't stop.",reaction,festival concert reaction
"the new Sharon Van Etten track hit me differently today and i don't know why but i'm emotional.",reaction,unexplained emotional reaction
"been playing Historian by Lucy Dacus on loop and every listen hits harder than the last.",reaction,repeated listening reaction
"saw Japanese Breakfast live and Michelle Zauner cried during Psychopomp and then i cried.",reaction,artist emotion triggering listener emotion
"the new Waxahatchee album just dropped and i'm three songs in and already texting everyone i know.",reaction,sharing excitement
"Angel Olsen's Whole New Mess just came on shuffle and i had to stop what i was doing and just listen.",reaction,shuffle surprise
"i finally listened to Twin Fantasy and Will Toledo singing 'i'm so glad you exist' made me genuinely tear up.",reaction,specific lyric reaction
"the Hand Habits album just destroyed me. i've been staring at the ceiling for an hour.",reaction,post-listen state
"put on Julien Baker's Turn Out the Lights alone at night and genuinely regret my choices.",reaction,mood mismatch reaction
"heard Florist for the first time today and i need everyone in my life to listen to this immediately.",reaction,discovery reaction
"Helena Deland's Someone New just came on and i had to pull over the car. that song is dangerous.",reaction,safety hazard reaction
"i cannot stop listening to the new Alex G album. i've played it four times today already.",reaction,repeat listening
"Snail Mail's Valentine came out and i sat with it for an entire afternoon and barely moved.",reaction,absorptive listening
"the Weyes Blood concert last night was genuinely life-changing and i know that sounds dramatic but i mean it.",reaction,concert life-change
"i put on Carrie and Lowell while doing dishes and had to stop doing dishes and just sit on the floor.",reaction,activity interruption
"the new Faye Webster single is so good i sent it to my mom and my mom doesn't even listen to music like this.",reaction,sharing with unlikely person
"heard the new Perfume Genius song on the radio and almost crashed my car it was so unexpected and beautiful.",reaction,radio surprise
"saw Soccer Mommy last night and she played Cool and i genuinely forgot to breathe for three minutes.",reaction,physical reaction at concert
"the new Big Thief song dropped today and adrianne lenker's voice in the chorus made me stop everything.",reaction,vocal reaction
"Grouper came on shuffle and now i'm just sitting in the dark and that feels right somehow.",reaction,mood matching
"finished listening to Once Twice Melody by Beach House and i feel like i've been somewhere else for two hours.",reaction,transportation feeling
"the new Low song scared me. i don't know how else to describe it. it scared me in the best way.",reaction,fear response to music
"Julia Jacklin's Crushing hit me completely differently now that i'm older and that's a strange feeling.",reaction,aging and music reaction
"i finally gave Richard Dawson a real listen and i don't know what genre this is but i need more immediately.",reaction,genre confusion discovery
"the Destroyer show was unlike anything i've experienced. Dan Bejar wandered around the stage and it was mesmerizing.",reaction,unusual concert experience
"saw Courtney Barnett and she played Pedestrian at Best and the crowd lost their minds and so did i.",reaction,crowd energy reaction
"listened to Double Roses by Hand Habits on a long drive and arrived at my destination a changed person.",reaction,transformative listening
"the new Squirrel Flower album is so gentle and good and i've been playing it all morning with coffee.",reaction,morning ritual reaction
"Yo La Tengo played And Then Nothing Turned Itself Inside-Out in full and i sat on the floor of the venue.",reaction,album performance reaction
"i played Hospice by the Antlers for the first time and i am not the same person i was two hours ago.",reaction,identity shift reaction
"heard Sun Kil Moon's Benji on a recommendation and called my dad immediately after to tell him i loved him.",reaction,familial emotional reaction
"the new Alvvays single is perfect and i've listened to it eight times since it dropped an hour ago.",reaction,immediate repeat listening
"first time hearing Grouper and i had to check if i was still in my body. that music is something else.",reaction,dissociation reaction
"the reason Phoebe Bridgers works so well is that her production choices always mirror the emotional content of the lyrics. on Funeral she uses distortion only in moments where the narrator loses control — the sound breaks down exactly when the character does.",analysis,specific production observation
"what makes OK Computer hold up thirty years later is structural: Radiohead sequenced it so that the paranoid anxiety of the first half resolves into the defeated calm of the second, with No Surprises functioning as a kind of exhale after the tension of Electioneering.",analysis,album sequencing argument
"Sufjan Stevens uses orchestration as emotional punctuation on Illinois. the strings don't add texture — they mark the moments where the lyrical narrator is overwhelmed. John Wayne Gacy Jr. is the clearest example: the arrangement stays sparse until the final confession, then swells exactly once.",analysis,orchestration function argument
"the reason Twin Fantasy works as an album is that Will Toledo recorded it twice. the lo-fi original functions as a document of the relationship in real time — rough, unstable, falling apart — while the 2018 version adds production clarity that retrospectively imposes meaning on chaotic emotions. having both versions is the artwork.",analysis,dual recording argument
"Mitski's Puberty 2 is more sonically adventurous than Puberty 1 because she started using distortion asymmetrically — clean verses with blown-out choruses — to mark the difference between private thought and public performance. the production enacts the album's central tension.",analysis,production asymmetry observation
"what distinguishes Carrie and Lowell from Sufjan's other work is restraint. his earlier albums use maximalist arrangements as a kind of emotional armor — the beauty keeps you at a distance. C&L strips that away entirely, which is why it's harder to listen to even though it's technically simpler.",analysis,comparison argument with textual evidence
"Faye Webster's production philosophy is defined by negative space. she leaves room in the mix where other artists would fill it, which creates the sensation that the songs are slightly incomplete — and that incompleteness is what makes them feel intimate rather than finished.",analysis,production philosophy observation
"the Antlers' Hospice works as a concept album because the metaphor operates on two levels simultaneously. on the surface it's about a dying patient. underneath it's about an emotionally abusive relationship. the genius is that both readings are internally consistent and neither cancels the other out.",analysis,dual reading argument
"Angel Olsen's My Woman represents a deliberate shift in her sonic palette from the finger-picked folk of Half Way Home to arena-scale rock production. the transition is intentional — she said in interviews she was tired of being called a sad folk singer — and the album's sequencing reflects that ambition, opening loud and only pulling back in the final third.",analysis,career arc argument with interview evidence
"what Beach House does structurally on Teen Dream is resist resolution. almost every song builds toward a chorus that should feel like a release but doesn't quite land that way — Victoria Legrand's vocals stay flat and low when you'd expect them to lift. that gap between expectation and delivery is where the longing lives.",analysis,structural tension argument
"Alex G is one of the most technically sophisticated songwriters working in indie today specifically because he hides the sophistication. his chord progressions on Trick are unusual — he borrows from jazz and classical structures — but the arrangements sound simple enough that the strangeness registers as emotional texture rather than showing off.",analysis,hidden sophistication argument
"the reason Joanna Newsom's Ys works despite its length is that each song on the album is structured like a short story with a beginning middle and end. the arrangements by Van Dyke Parks respond to the narrative arc of each lyric rather than following conventional verse-chorus form, which means the music and words are telling the same story simultaneously.",analysis,narrative structure argument
"what distinguishes Adrianne Lenker's songwriting from other confessional folk is specificity. she doesn't write about sadness in general — she writes about the particular sadness of a specific Tuesday in a specific kitchen. the precision is what makes it feel universal rather than limiting it.",analysis,specificity argument
"LCD Soundsystem's Sound of Silver works as a dance album because Murphy structures the emotional arc across the whole record rather than within individual songs. All My Friends is devastating as a standalone track, but it lands differently at track five after the energy of the first four songs — the exhaustion is earned by that point in the listen.",analysis,album arc argument
"the production on Grouper's Dragging a Dead Deer Up a Hill is deliberately degraded — Liz Harris recorded it on a four-track cassette and the hiss and muddiness are compositional choices rather than limitations. the lo-fi sound creates physical distance between listener and singer, which mirrors the emotional distance the lyrics are describing.",analysis,lo-fi as intentional distance argument
"Destroyer's Kaputt is built on a deliberate anachronism — Dan Bejar uses smooth jazz production from the 1980s to write lyrics about contemporary anxiety and failure. the mismatch between the sleek surface and the defeated content is the album's central joke, and it only works because the production is genuinely good and not ironic.",analysis,anachronism argument
"what makes Julien Baker's songwriting unusual is the relationship between her lyrics and her production. she records with minimal instrumentation but her arrangements aren't sparse in the folk sense — they're dense with reverb and delay. the space in her music is full of echo rather than silence, which makes the loneliness feel inhabited rather than empty.",analysis,reverb as inhabited space argument
"Low's Double Negative uses digital compression and distortion the way earlier Low used silence. on their earlier albums the space between notes was the point. on Double Negative the noise fills that space — but the function is the same, creating discomfort in the listener that mirrors the album's content about dissolution and collapse.",analysis,late career comparison argument
"the reason Waxahatchee's Saint Cloud feels like a departure is that Katie Crutchfield stopped writing from inside the crisis and started writing from the other side of it. the production reflects this — the album is cleaner and more spacious than her earlier work, which mapped the claustrophobia of addiction through lo-fi bedroom sound.",analysis,recovery and production relationship
"what Julia Jacklin does on Crushing that she didn't do on Don't Let the Kids Win is slow down. the tempos on Crushing are consistently lower, the arrangements have more room, and she lets difficult lines hang in the air longer before moving on. it's a structural choice that makes the album harder to dismiss as background music.",analysis,tempo and pacing argument
"Sharon Van Etten's Remind Me Tomorrow works because she finally sounds like she's performing rather than confessing. her earlier albums positioned vulnerability as the primary register, but RTM has her experimenting with synth production in a way that creates distance — and that distance makes the moments of directness hit harder by contrast.",analysis,distance and directness argument
"the reason Perfume Genius works on No Shape is that Michael Hadreas uses classical orchestration not as texture but as structure. the strings and brass aren't decorating the songs — they're load-bearing. Slip Away wouldn't work with just guitar and vocals because the orchestration is doing emotional work that no other instrument could.",analysis,orchestration as structure argument
"Courtney Barnett's storytelling technique is built on deceleration — she starts songs with mundane observations and slows down to examine them until they become existentially significant. Pedestrian at Best inverts this by speeding up into anxiety, which is why it feels different from her other songs even though it uses the same observational style.",analysis,tempo as narrative tool
"what makes the National's Boxer hold up is the relationship between Matt Berninger's baritone and the guitar arrangements. the guitars on Boxer are consistently in a higher register than you'd expect under that vocal, which creates a productive tension — the voice is grounded and the instruments float, and that gap is where the album's melancholy lives.",analysis,register tension argument
"Soccer Mommy's color theory is a concept album structured around illness metaphors where each color corresponds to a different kind of pain. blue is depression, yellow is death/grief, gray is hopelessness. the genius is that these aren't announced — you have to map the lyrical content onto the track listing to see the structure.",analysis,color coding argument
"Snail Mail's Valentine works because Lindsey Jordan doesn't resolve the ambivalence at its center. the title track offers no catharsis — the narrator ends the song as uncertain as she began, and the production (lush but never quite triumphant) supports that irresolution. it's an album about not getting over something rather than about recovery.",analysis,irresolution as structure
"what distinguishes Big Thief from other folk-adjacent bands is their approach to imperfection. Adrianne Lenker's guitar playing is technically uneven and the recordings capture that — notes buzz, rhythms drift slightly. these aren't fixed in post-production because the imperfection is part of the emotional honesty of the recordings.",analysis,imperfection as honesty argument
"Weyes Blood's Titanic Rising works as a concept album because Natalie Mering uses the Titanic metaphor consistently across both the music and lyrics — the album sounds like it's sinking in slow motion. the orchestration swells and recedes like water, and the closer, Nearer My God to Thee, completes the metaphor explicitly.",analysis,extended metaphor argument
"the reason Florist's If Blue Could Be Happiness works over its long runtime is that Emily Sprague uses repetition the way minimalist composers do — not as a failure to develop but as a method of deepening. you're not hearing the same thing a second time; you're hearing it differently because you've accumulated more of the album.",analysis,minimalist repetition argument
"Helena Deland's Someone New is built on harmonic ambiguity — she rarely resolves chord progressions to the expected tonic, which creates a persistent feeling of suspension. the songs feel like questions rather than statements, and that formal quality mirrors the lyrical content about uncertainty in relationships.",analysis,harmonic ambiguity argument
"what makes Richard Dawson's music unusual is that he uses folk song structure to tell stories that don't fit folk song conventions. Jogging describes physical exercise but uses the narrative arc of an epic journey. the mismatch between form and content creates a productive absurdity that his less adventurous contemporaries can't touch.",analysis,form content mismatch argument
"Gillian Welch's Time the Revelator works because she and David Rawlings use historical americana forms — murder ballads, gospel structures, work songs — without nostalgia. the songs sound old but the emotional content is contemporary and the combination creates a kind of timelessness rather than pastiche.",analysis,historical form argument
"Bill Callahan's progression from Smog to his solo work maps directly onto a shift in his lyrical register. as Smog he used surrealism and abstraction to approach difficult emotional content indirectly. as Bill Callahan he became more plainspoken, and paradoxically the directness made the content harder to hear rather than easier.",analysis,lyrical shift argument
"the production on Alvvays' Antisocialites is denser than their debut but the hooks are shorter. Alec O'Hanley's arrangements layer more elements — keyboards, additional guitars, backing vocals — while the songs themselves become more economical. the result is a record that feels bigger and more compressed simultaneously.",analysis,density vs economy argument
"Car Seat Headrest's Twin Fantasy works over its 90 minute runtime because Will Toledo treats repetition as development. themes introduced early in the album return in altered forms — melodically, lyrically, structurally — and the differences between iterations tell the emotional story of the relationship the album documents.",analysis,repetition as development
"what makes Pavement's Slanted and Enchanted historically significant is not the lo-fi aesthetic, which was already common in indie by 1992, but the way Stephen Malkmus wrote melodies that seemed to resist completion. his vocal phrasing ends phrases before they resolve, creating hooks that are felt rather than consciously remembered.",analysis,melody structure argument
"the reason Yo La Tengo's And Then Nothing Turned Itself Inside-Out works as a late-night album is dynamic range. the quietest moments on the record are extremely quiet — Ira Kaplan sings below conversational volume on several tracks — which means you have to be in the right environment to hear the album correctly. it demands a specific kind of listening.",analysis,dynamic range argument
"Sun Kil Moon's Benji is the best album about grief recorded since the 1970s because Mark Kozelek refuses to aestheticize loss. other songwriters make death beautiful. Kozelek makes it ordinary and specific and those qualities — the cousin who died, the actor who overdosed — are more devastating than any metaphor.",analysis,anti-aestheticization argument
"the National's Sleep Well Beast works because it's their first album where Matt Berninger sounds genuinely uncertain rather than performed. the synth production adds instability to arrangements that on earlier records would have been stately and resolved. the album sounds like someone who has always known what they're doing finally admitting they don't.",analysis,uncertainty argument
"what Squirrel Flower does on I Was Born Swimming that her later albums refine is establish a production philosophy around restraint. the album sounds like it could collapse at any moment — Ella Williams' voice is often the only thing in the mix — and that fragility is a formal choice about vulnerability rather than a budget limitation.",analysis,restraint as formal choice
"Joanna Newsom's Divers is her most compositionally complex record because she uses counterpoint — two independent melodic lines happening simultaneously — in a folk context where that's almost never done. the harp and voice often move in contrary motion, which creates a harmony that feels unexpected without being dissonant.",analysis,counterpoint in folk argument
"the reason Hand Habits' Placeholder works is that Meg Duffy uses guitar texture as emotional weather rather than as accompaniment. on some tracks the guitar is almost inaudible, functioning as atmosphere. on others it's the most present element. these shifts mirror the lyrical shifts between presence and absence in relationships.",analysis,guitar texture argument
"what distinguishes Bedouine's songwriting from other chamber folk artists is her use of negative space in the arrangements. the orchestration on her albums is full but never crowded — instruments enter and exit rather than sustaining throughout, which gives the songs a breathing quality that makes the dense moments feel earned.",analysis,negative space argument
"Lucy Dacus's Historian works as a political album without being didactic because she embeds the political content inside domestic and personal narratives. Night Shift is about leaving a relationship but it's also about labor and time and self-determination. the political reading emerges from the personal one rather than sitting on top of it.",analysis,embedded politics argument
"Maple Glider's To Enjoy Is the Only Thing works because she uses very simple melodic ideas and then develops them across the course of each song rather than introducing new material. the songs feel like they're going somewhere even when the harmonic content is static, because the melodic development creates forward motion.",analysis,melodic development argument
"the reason Faye Webster's I Know I'm Funny haha works despite its muted emotional register is that the production by Faye and various collaborators makes boredom interesting. the arrangements are so deliberately pleasant and unobtrusive that slight deviations — a guitar note held a beat too long, a lyric that's sharper than expected — register as significant.",analysis,boredom aesthetics argument
"what makes Grouper's AIA: Alien Observer work alongside AIA: Dream Loss is sequencing across the double album. Alien Observer is relatively accessible — the songs have discernible melodies — and Dream Loss is more abstract. moving from one to the other teaches you how to listen to the second record, which you couldn't hear correctly without the first.",analysis,double album sequencing argument
"Helena Deland's Altogether Unaccompanied works because she withholds resolution on every level — harmonically, lyrically, structurally — and that accumulation of irresolution becomes its own kind of statement. by the end of the album you're used to nothing being settled, which makes the occasional moment of clarity feel significant.",analysis,accumulated irresolution argument
"the reason Phoebe Bridgers works so well is that her production choices always mirror the emotional content of the lyrics. on Funeral she uses distortion only in moments where the narrator loses control — the sound breaks down exactly when the character does.",analysis,specific production observation
"what makes OK Computer hold up thirty years later is structural: Radiohead sequenced it so that the paranoid anxiety of the first half resolves into the defeated calm of the second, with No Surprises functioning as a kind of exhale after the tension of Electioneering.",analysis,album sequencing argument
"Sufjan Stevens uses orchestration as emotional punctuation on Illinois. the strings don't add texture — they mark the moments where the lyrical narrator is overwhelmed. John Wayne Gacy Jr. is the clearest example: the arrangement stays sparse until the final confession, then swells exactly once.",analysis,orchestration function argument
"the reason Twin Fantasy works as an album is that Will Toledo recorded it twice. the lo-fi original functions as a document of the relationship in real time — rough, unstable, falling apart — while the 2018 version adds production clarity that retrospectively imposes meaning on chaotic emotions. having both versions is the artwork.",analysis,dual recording argument
"Mitski's Puberty 2 is more sonically adventurous than Puberty 1 because she started using distortion asymmetrically — clean verses with blown-out choruses — to mark the difference between private thought and public performance. the production enacts the album's central tension.",analysis,production asymmetry observation
"what distinguishes Carrie and Lowell from Sufjan's other work is restraint. his earlier albums use maximalist arrangements as a kind of emotional armor — the beauty keeps you at a distance. C&L strips that away entirely, which is why it's harder to listen to even though it's technically simpler.",analysis,comparison argument with textual evidence
"Faye Webster's production philosophy is defined by negative space. she leaves room in the mix where other artists would fill it, which creates the sensation that the songs are slightly incomplete — and that incompleteness is what makes them feel intimate rather than finished.",analysis,production philosophy observation
"the Antlers' Hospice works as a concept album because the metaphor operates on two levels simultaneously. on the surface it's about a dying patient. underneath it's about an emotionally abusive relationship. the genius is that both readings are internally consistent and neither cancels the other out.",analysis,dual reading argument
"Angel Olsen's My Woman represents a deliberate shift in her sonic palette from the finger-picked folk of Half Way Home to arena-scale rock production. the transition is intentional — she said in interviews she was tired of being called a sad folk singer — and the album's sequencing reflects that ambition, opening loud and only pulling back in the final third.",analysis,career arc argument with interview evidence
"what Beach House does structurally on Teen Dream is resist resolution. almost every song builds toward a chorus that should feel like a release but doesn't quite land that way — Victoria Legrand's vocals stay flat and low when you'd expect them to lift. that gap between expectation and delivery is where the longing lives.",analysis,structural tension argument
"Alex G is one of the most technically sophisticated songwriters working in indie today specifically because he hides the sophistication. his chord progressions on Trick are unusual — he borrows from jazz and classical structures — but the arrangements sound simple enough that the strangeness registers as emotional texture rather than showing off.",analysis,hidden sophistication argument
"the reason Joanna Newsom's Ys works despite its length is that each song on the album is structured like a short story with a beginning middle and end. the arrangements by Van Dyke Parks respond to the narrative arc of each lyric rather than following conventional verse-chorus form, which means the music and words are telling the same story simultaneously.",analysis,narrative structure argument
"Bright Eyes is the most emotionally manipulative band in indie and people mistake manipulation for depth.",hot_take,provocation
"the Mountain Goats peaked on The Sunset Tree and John Darnielle has been coasting on goodwill since.",hot_take,career peak claim
"Neutral Milk Hotel fans are more in love with the mythology than the actual music.",hot_take,fanbase critique
"Bonny Light Horseman is the best folk supergroup of the last twenty years and nobody is talking about it.",hot_take,unsupported superlative
"Mazzy Star made one perfect song and the rest of their catalogue exists to make you appreciate Fade Into You more.",hot_take,reductive claim
"Hozier is a singles artist pretending to be an albums artist and the albums suffer for it.",hot_take,format critique
"Purity Ring peaked on Shrines and everything since has been diminishing returns.",hot_take,peak claim
"Men I Trust is the most slept-on band of the last decade and their catalogue is immaculate.",hot_take,unsupported praise
"Grouper live is the most transcendent concert experience available in indie music right now.",hot_take,superlative claim
"Pinegrove is the most emotionally honest band working in indie and they get a fraction of the attention they deserve.",hot_take,fairness claim
"just heard Rough and Rowdy Ways by Bob Dylan for the first time and i need to sit with this for a week.",reaction,late discovery reaction
"the new men i trust single dropped and i've had it on repeat for four hours and i'm not stopping.",reaction,new single repeat
"saw Pinegrove live and Evan Stephens Hall played Size of the Moon and i genuinely teared up.",reaction,concert song reaction
"put on Hovvdy's Cranberry for the first time and it felt like someone had made an album specifically for me.",reaction,personal connection reaction
"the Bright Eyes reunion album just dropped and i am not prepared for how much this is affecting me.",reaction,reunion album reaction
"heard Bonny Light Horseman for the first time today and sent it to everyone i know immediately.",reaction,sharing discovery
"the Mazzy Star deep cuts hit differently at 2am and i don't make the rules.",reaction,time of day listening
"Purity Ring's Shrines came on shuffle and i forgot i was doing laundry for twenty minutes.",reaction,distraction reaction
"Men I Trust came on at the coffee shop and i had to ask the barista what it was immediately.",reaction,public discovery reaction
"the new Pinegrove track is everything i needed today and i didn't know i needed it until right now.",reaction,unexpected need reaction"the reason Grouper's Grid of Points works at only 22 minutes is that Liz Harris front-loads the most direct songs and becomes more abstract as the album progresses. by the end you're listening to texture rather than song, but the journey from song to texture is gradual enough that you follow it without noticing until you're already there.",analysis,gradual abstraction argument
"what makes Bedouine's Waysides work as a collection of covers is that she chooses songs from across genres and decades and brings them into the same sonic world. the production is consistent enough that a 1970s folk song and a 1990s pop song end up sounding like they belong together, which reveals something about what makes a song last.",analysis,covers as curation argument
"Snail Mail is a better live performer than studio artist and the recordings don't capture what she does in person.",hot_take,opinion no evidence
"the Microphones' the Glow Pt. 2 is the most important album of the 2000s and nobody talks about it enough.",hot_take,bold claim
"i saw Weyes Blood last night and she opened with Andromeda and i genuinely forgot where i was for three minutes.",reaction,concert opening reaction
"just finished Historian by Lucy Dacus and i need to call someone but i don't know what i would even say.",reaction,post-listen isolation
"Alvvays live is somehow even better than the records and i did not think that was possible.",reaction,concert exceeds record reaction
"the new Soccer Mommy album just dropped and i've been refreshing my phone for two hours waiting for this.",reaction,anticipation reaction
"what makes Snail Mail's Lush work as a debut is that Lindsey Jordan writes from inside emotional situations rather than reflecting on them after the fact. the present tense of the lyrics creates immediacy that her more polished later work trades for craft.",analysis,present tense argument
"the reason Hovvdy works is that Charlie Martin and Will Taylor record together in a way that makes two voices sound like one instrument. their harmonies don't separate into lead and backing — they blend into a third sound that neither voice produces alone.",analysis,vocal blend argument
"Japanese Breakfast's Soft Sounds from Another Planet works better than Psychopomp as a grief album because Zauner has more distance from the loss. the production is more controlled and the emotional content is more legible — she's writing about grief rather than inside it.",analysis,distance from grief argument
"what makes Hand Habits' Fun House work differently from Placeholder is texture. Meg Duffy added more production layers and the result is that the same emotional content sounds more complicated. the arrangements on Fun House don't resolve as cleanly, which mirrors the lyrical content about ambivalence.",analysis,texture complexity argument
"the reason Lucy Dacus's Home Video works is autobiographical specificity grounded in place. every song is set somewhere particular — a church, a car, a specific house — and those settings do emotional work that abstract confessional songwriting can't. you feel located in her childhood rather than just told about it.",analysis,place as emotional anchor argument
"Sufjan Stevens is a better composer than songwriter and his best work is the instrumental passages everyone skips.",hot_take,contrarian claim
"Radiohead's In Rainbows is their most overrated album precisely because it's their most accessible.",hot_take,accessibility critique
"Devendra Banhart was the most interesting artist of the 2000s and the 2010s completely forgot about him.",hot_take,forgotten artist claim
"The Microphones became Mount Eerie and got worse and Phil Elverum should go back to the old sound.",hot_take,project name critique
"Elliot Smith's XO is better than Either/Or and the people who disagree only prefer Either/Or because it's sadder.",hot_take,ranking claim
"just listened to Mount Eerie's A Crow Looked at Me for the first time and i genuinely cannot function right now.",reaction,grief album reaction
"the new Sufjan Stevens track dropped and i have been crying in my kitchen for thirty minutes.",reaction,kitchen crying reaction
"saw Mount Eerie live and Phil Elverum played Real Death and half the room was visibly crying including me.",reaction,grief concert reaction
"Elliot Smith's Either/Or came on shuffle and i had to cancel my plans and just stay home with it.",reaction,cancelled plans reaction
"heard Devendra Banhart for the first time in years today and remembered why i loved music in the first place.",reaction,rediscovery reaction
"what makes Mount Eerie's A Crow Looked at Me devastating is that Phil Elverum refuses to use metaphor. every lyric is literally true — the hospital room, the specific drugs, the exact date. the refusal to aestheticize makes it the most honest grief record ever made.",analysis,anti-metaphor argument
"Elliot Smith's XO works as a pop album because he smuggles devastating lyrical content inside conventional song structures. the melodies are immediately hummable and the production is warm, which creates a gap between how the songs feel on first listen and what they're actually saying.",analysis,pop structure smuggling argument
"Devendra Banhart's Cripple Crow works at 22 tracks because he sequences it like a mixtape rather than an album — moods shift abruptly, languages change, tempos are inconsistent — and that variety means the album rewards shuffle and sequential listening differently.",analysis,mixtape sequencing argument
"what makes Sufjan's Illinoise different from his Michigan album is ambition of scope. Michigan documents a place through personal stories. Illinois attempts to document a state mythologically — using historical figures, urban legends, and geography as characters — which is a fundamentally different compositional challenge.",analysis,scope comparison argument